,season,rank_pub_date,team,rank,last_updated
0,2019,2018-11-01,Duke,4,2019-11-22 21:34:27.241391
1,2019,2018-11-12,Duke,1,2019-11-22 21:34:27.241391
2,2019,2018-11-19,Duke,1,2019-11-22 21:34:27.241391
3,2019,2018-11-26,Duke,3,2019-11-22 21:34:27.241391
4,2019,2018-12-03,Duke,3,2019-11-22 21:34:27.241391
5,2019,2018-12-10,Duke,2,2019-11-22 21:34:27.241391
6,2019,2018-12-17,Duke,2,2019-11-22 21:34:27.241391
7,2019,2018-12-24,Duke,1,2019-11-22 21:34:27.241391
8,2019,2018-12-31,Duke,1,2019-11-22 21:34:27.241391
9,2019,2019-01-07,Duke,1,2019-11-22 21:34:27.241391
10,2019,2019-01-14,Duke,1,2019-11-22 21:34:27.241391
11,2019,2019-01-21,Duke,2,2019-11-22 21:34:27.241391
12,2019,2019-01-28,Duke,2,2019-11-22 21:34:27.241391
13,2019,2019-02-04,Duke,2,2019-11-22 21:34:27.241391
14,2019,2019-02-11,Duke,2,2019-11-22 21:34:27.241391
15,2019,2019-02-18,Duke,1,2019-11-22 21:34:27.241391
16,2019,2019-02-25,Duke,3,2019-11-22 21:34:27.241391
17,2019,2019-03-04,Duke,4,2019-11-22 21:34:27.241391
18,2019,2019-03-11,Duke,5,2019-11-22 21:34:27.241391
19,2019,2019-05-01,Duke,1,2019-11-22 21:34:27.241391
20,2019,2018-11-01,Virginia,5,2019-11-22 21:34:27.241391
21,2019,2018-11-12,Virginia,4,2019-11-22 21:34:27.241391
22,2019,2018-11-19,Virginia,4,2019-11-22 21:34:27.241391
23,2019,2018-11-26,Virginia,4,2019-11-22 21:34:27.241391
24,2019,2018-12-03,Virginia,4,2019-11-22 21:34:27.241391
25,2019,2018-12-10,Virginia,6,2019-11-22 21:34:27.241391
26,2019,2018-12-17,Virginia,5,2019-11-22 21:34:27.241391
27,2019,2018-12-24,Virginia,4,2019-11-22 21:34:27.241391
28,2019,2018-12-31,Virginia,4,2019-11-22 21:34:27.241391
29,2019,2019-01-07,Virginia,4,2019-11-22 21:34:27.241391
30,2019,2019-01-14,Virginia,4,2019-11-22 21:34:27.241391
31,2019,2019-01-21,Virginia,3,2019-11-22 21:34:27.241391
32,2019,2019-01-28,Virginia,3,2019-11-22 21:34:27.241391
33,2019,2019-02-04,Virginia,3,2019-11-22 21:34:27.241391
34,2019,2019-02-11,Virginia,4,2019-11-22 21:34:27.241391
35,2019,2019-02-18,Virginia,3,2019-11-22 21:34:27.241391
36,2019,2019-02-25,Virginia,2,2019-11-22 21:34:27.241391
37,2019,2019-03-04,Virginia,2,2019-11-22 21:34:27.241391
38,2019,2019-03-11,Virginia,2,2019-11-22 21:34:27.241391
39,2019,2019-05-01,Virginia,2,2019-11-22 21:34:27.241391
40,2019,2018-11-01,UNC,8,2019-11-22 21:34:27.241391
41,2019,2018-11-12,UNC,7,2019-11-22 21:34:27.241391
42,2019,2018-11-19,UNC,7,2019-11-22 21:34:27.241391
43,2019,2018-11-26,UNC,11,2019-11-22 21:34:27.241391
44,2019,2018-12-03,UNC,14,2019-11-22 21:34:27.241391
45,2019,2018-12-10,UNC,12,2019-11-22 21:34:27.241391
46,2019,2018-12-17,UNC,9,2019-11-22 21:34:27.241391
47,2019,2018-12-24,UNC,14,2019-11-22 21:34:27.241391
48,2019,2018-12-31,UNC,15,2019-11-22 21:34:27.241391
49,2019,2019-01-07,UNC,12,2019-11-22 21:34:27.241391
50,2019,2019-01-14,UNC,13,2019-11-22 21:34:27.241391
51,2019,2019-01-21,UNC,11,2019-11-22 21:34:27.241391
52,2019,2019-01-28,UNC,9,2019-11-22 21:34:27.241391
53,2019,2019-02-04,UNC,8,2019-11-22 21:34:27.241391
54,2019,2019-02-11,UNC,8,2019-11-22 21:34:27.241391
55,2019,2019-02-18,UNC,8,2019-11-22 21:34:27.241391
56,2019,2019-02-25,UNC,5,2019-11-22 21:34:27.241391
57,2019,2019-03-04,UNC,3,2019-11-22 21:34:27.241391
58,2019,2019-03-11,UNC,3,2019-11-22 21:34:27.241391
59,2019,2019-05-01,UNC,3,2019-11-22 21:34:27.241391
60,2019,2018-11-01,Gonzaga,3,2019-11-22 21:34:27.241391
61,2019,2018-11-12,Gonzaga,3,2019-11-22 21:34:27.241391
62,2019,2018-11-19,Gonzaga,3,2019-11-22 21:34:27.241391
63,2019,2018-11-26,Gonzaga,1,2019-11-22 21:34:27.241391
64,2019,2018-12-03,Gonzaga,1,2019-11-22 21:34:27.241391
65,2019,2018-12-10,Gonzaga,4,2019-11-22 21:34:27.241391
66,2019,2018-12-17,Gonzaga,8,2019-11-22 21:34:27.241391
67,2019,2018-12-24,Gonzaga,7,2019-11-22 21:34:27.241391
68,2019,2018-12-31,Gonzaga,7,2019-11-22 21:34:27.241391
69,2019,2019-01-07,Gonzaga,5,2019-11-22 21:34:27.241391
70,2019,2019-01-14,Gonzaga,5,2019-11-22 21:34:27.241391
71,2019,2019-01-21,Gonzaga,4,2019-11-22 21:34:27.241391
72,2019,2019-01-28,Gonzaga,4,2019-11-22 21:34:27.241391
73,2019,2019-02-04,Gonzaga,4,2019-11-22 21:34:27.241391
74,2019,2019-02-11,Gonzaga,3,2019-11-22 21:34:27.241391
75,2019,2019-02-18,Gonzaga,2,2019-11-22 21:34:27.241391
76,2019,2019-02-25,Gonzaga,1,2019-11-22 21:34:27.241391
77,2019,2019-03-04,Gonzaga,1,2019-11-22 21:34:27.241391
78,2019,2019-03-11,Gonzaga,1,2019-11-22 21:34:27.241391
79,2019,2019-05-01,Gonzaga,4,2019-11-22 21:34:27.241391
80,2019,2018-11-01,Michigan State,10,2019-11-22 21:34:27.241391
81,2019,2018-11-12,Michigan State,11,2019-11-22 21:34:27.241391
82,2019,2018-11-19,Michigan State,11,2019-11-22 21:34:27.241391
83,2019,2018-11-26,Michigan State,9,2019-11-22 21:34:27.241391
84,2019,2018-12-03,Michigan State,10,2019-11-22 21:34:27.241391
85,2019,2018-12-10,Michigan State,9,2019-11-22 21:34:27.241391
86,2019,2018-12-17,Michigan State,10,2019-11-22 21:34:27.241391
87,2019,2018-12-24,Michigan State,8,2019-11-22 21:34:27.241391
88,2019,2018-12-31,Michigan State,8,2019-11-22 21:34:27.241391
89,2019,2019-01-07,Michigan State,6,2019-11-22 21:34:27.241391
90,2019,2019-01-14,Michigan State,6,2019-11-22 21:34:27.241391
91,2019,2019-01-21,Michigan State,6,2019-11-22 21:34:27.241391
92,2019,2019-01-28,Michigan State,6,2019-11-22 21:34:27.241391
93,2019,2019-02-04,Michigan State,9,2019-11-22 21:34:27.241391
94,2019,2019-02-11,Michigan State,11,2019-11-22 21:34:27.241391
95,2019,2019-02-18,Michigan State,10,2019-11-22 21:34:27.241391
96,2019,2019-02-25,Michigan State,6,2019-11-22 21:34:27.241391
97,2019,2019-03-04,Michigan State,9,2019-11-22 21:34:27.241391
98,2019,2019-03-11,Michigan State,6,2019-11-22 21:34:27.241391
99,2019,2019-05-01,Michigan State,5,2019-11-22 21:34:27.241391
100,2019,2018-11-01,Tennessee,6,2019-11-22 21:34:27.241391
101,2019,2018-11-12,Tennessee,5,2019-11-22 21:34:27.241391
102,2019,2018-11-19,Tennessee,5,2019-11-22 21:34:27.241391
103,2019,2018-11-26,Tennessee,6,2019-11-22 21:34:27.241391
104,2019,2018-12-03,Tennessee,7,2019-11-22 21:34:27.241391
105,2019,2018-12-10,Tennessee,3,2019-11-22 21:34:27.241391
106,2019,2018-12-17,Tennessee,3,2019-11-22 21:34:27.241391
107,2019,2018-12-24,Tennessee,3,2019-11-22 21:34:27.241391
108,2019,2018-12-31,Tennessee,3,2019-11-22 21:34:27.241391
109,2019,2019-01-07,Tennessee,3,2019-11-22 21:34:27.241391
110,2019,2019-01-14,Tennessee,3,2019-11-22 21:34:27.241391
111,2019,2019-01-21,Tennessee,1,2019-11-22 21:34:27.241391
112,2019,2019-01-28,Tennessee,1,2019-11-22 21:34:27.241391
113,2019,2019-02-04,Tennessee,1,2019-11-22 21:34:27.241391
114,2019,2019-02-11,Tennessee,1,2019-11-22 21:34:27.241391
115,2019,2019-02-18,Tennessee,5,2019-11-22 21:34:27.241391
116,2019,2019-02-25,Tennessee,7,2019-11-22 21:34:27.241391
117,2019,2019-03-04,Tennessee,5,2019-11-22 21:34:27.241391
118,2019,2019-03-11,Tennessee,8,2019-11-22 21:34:27.241391
119,2019,2019-05-01,Tennessee,6,2019-11-22 21:34:27.241391
120,2019,2018-11-01,Kentucky,2,2019-11-22 21:34:27.241391
121,2019,2018-11-12,Kentucky,10,2019-11-22 21:34:27.241391
122,2019,2018-11-19,Kentucky,10,2019-11-22 21:34:27.241391
123,2019,2018-11-26,Kentucky,10,2019-11-22 21:34:27.241391
124,2019,2018-12-03,Kentucky,9,2019-11-22 21:34:27.241391
125,2019,2018-12-10,Kentucky,19,2019-11-22 21:34:27.241391
126,2019,2018-12-17,Kentucky,19,2019-11-22 21:34:27.241391
127,2019,2018-12-24,Kentucky,16,2019-11-22 21:34:27.241391
128,2019,2018-12-31,Kentucky,13,2019-11-22 21:34:27.241391
129,2019,2019-01-07,Kentucky,18,2019-11-22 21:34:27.241391
130,2019,2019-01-14,Kentucky,12,2019-11-22 21:34:27.241391
131,2019,2019-01-21,Kentucky,8,2019-11-22 21:34:27.241391
132,2019,2019-01-28,Kentucky,7,2019-11-22 21:34:27.241391
133,2019,2019-02-04,Kentucky,5,2019-11-22 21:34:27.241391
134,2019,2019-02-11,Kentucky,5,2019-11-22 21:34:27.241391
135,2019,2019-02-18,Kentucky,4,2019-11-22 21:34:27.241391
136,2019,2019-02-25,Kentucky,4,2019-11-22 21:34:27.241391
137,2019,2019-03-04,Kentucky,6,2019-11-22 21:34:27.241391
138,2019,2019-03-11,Kentucky,4,2019-11-22 21:34:27.241391
139,2019,2019-05-01,Kentucky,7,2019-11-22 21:34:27.241391
140,2019,2018-11-01,Michigan,19,2019-11-22 21:34:27.241391
141,2019,2018-11-12,Michigan,18,2019-11-22 21:34:27.241391
142,2019,2018-11-19,Michigan,9,2019-11-22 21:34:27.241391
143,2019,2018-11-26,Michigan,7,2019-11-22 21:34:27.241391
144,2019,2018-12-03,Michigan,5,2019-11-22 21:34:27.241391
145,2019,2018-12-10,Michigan,5,2019-11-22 21:34:27.241391
146,2019,2018-12-17,Michigan,4,2019-11-22 21:34:27.241391
147,2019,2018-12-24,Michigan,2,2019-11-22 21:34:27.241391
148,2019,2018-12-31,Michigan,2,2019-11-22 21:34:27.241391
149,2019,2019-01-07,Michigan,2,2019-11-22 21:34:27.241391
150,2019,2019-01-14,Michigan,2,2019-11-22 21:34:27.241391
151,2019,2019-01-21,Michigan,5,2019-11-22 21:34:27.241391
152,2019,2019-01-28,Michigan,5,2019-11-22 21:34:27.241391
153,2019,2019-02-04,Michigan,7,2019-11-22 21:34:27.241391
154,2019,2019-02-11,Michigan,6,2019-11-22 21:34:27.241391
155,2019,2019-02-18,Michigan,7,2019-11-22 21:34:27.241391
156,2019,2019-02-25,Michigan,9,2019-11-22 21:34:27.241391
157,2019,2019-03-04,Michigan,7,2019-11-22 21:34:27.241391
158,2019,2019-03-11,Michigan,10,2019-11-22 21:34:27.241391
159,2019,2019-05-01,Michigan,8,2019-11-22 21:34:27.241391
160,2019,2018-11-01,Texas Tech,8,2019-11-22 21:34:27.241391
161,2019,2018-11-12,Texas Tech,8,2019-11-22 21:34:27.241391
162,2019,2018-11-19,Texas Tech,8,2019-11-22 21:34:27.241391
163,2019,2018-11-26,Texas Tech,20,2019-11-22 21:34:27.241391
164,2019,2018-12-03,Texas Tech,13,2019-11-22 21:34:27.241391
165,2019,2018-12-10,Texas Tech,11,2019-11-22 21:34:27.241391
166,2019,2018-12-17,Texas Tech,12,2019-11-22 21:34:27.241391
167,2019,2018-12-24,Texas Tech,11,2019-11-22 21:34:27.241391
168,2019,2018-12-31,Texas Tech,11,2019-11-22 21:34:27.241391
169,2019,2019-01-07,Texas Tech,8,2019-11-22 21:34:27.241391
170,2019,2019-01-14,Texas Tech,8,2019-11-22 21:34:27.241391
171,2019,2019-01-21,Texas Tech,14,2019-11-22 21:34:27.241391
172,2019,2019-01-28,Texas Tech,16,2019-11-22 21:34:27.241391
173,2019,2019-02-04,Texas Tech,18,2019-11-22 21:34:27.241391
174,2019,2019-02-11,Texas Tech,15,2019-11-22 21:34:27.241391
175,2019,2019-02-18,Texas Tech,14,2019-11-22 21:34:27.241391
176,2019,2019-02-25,Texas Tech,11,2019-11-22 21:34:27.241391
177,2019,2019-03-04,Texas Tech,8,2019-11-22 21:34:27.241391
178,2019,2019-03-11,Texas Tech,7,2019-11-22 21:34:27.241391
179,2019,2019-05-01,Texas Tech,9,2019-11-22 21:34:27.241391
180,2019,2018-11-01,Florida State,17,2019-11-22 21:34:27.241391
181,2019,2018-11-12,Florida State,14,2019-11-22 21:34:27.241391
182,2019,2018-11-19,Florida State,14,2019-11-22 21:34:27.241391
183,2019,2018-11-26,Florida State,15,2019-11-22 21:34:27.241391
184,2019,2018-12-03,Florida State,11,2019-11-22 21:34:27.241391
185,2019,2018-12-10,Florida State,10,2019-11-22 21:34:27.241391
186,2019,2018-12-17,Florida State,11,2019-11-22 21:34:27.241391
187,2019,2018-12-24,Florida State,9,2019-11-22 21:34:27.241391
188,2019,2018-12-31,Florida State,9,2019-11-22 21:34:27.241391
189,2019,2019-01-07,Florida State,13,2019-11-22 21:34:27.241391
190,2019,2019-01-14,Florida State,11,2019-11-22 21:34:27.241391
191,2019,2019-01-21,Florida State,11,2019-11-22 21:34:27.241391
192,2019,2019-01-28,Florida State,25,2019-11-22 21:34:27.241391
193,2019,2019-02-04,Florida State,22,2019-11-22 21:34:27.241391
194,2019,2019-02-11,Florida State,17,2019-11-22 21:34:27.241391
195,2019,2019-02-18,Florida State,16,2019-11-22 21:34:27.241391
196,2019,2019-02-25,Florida State,18,2019-11-22 21:34:27.241391
197,2019,2019-03-04,Florida State,14,2019-11-22 21:34:27.241391
198,2019,2019-03-11,Florida State,12,2019-11-22 21:34:27.241391
199,2019,2019-05-01,Florida State,10,2019-11-22 21:34:27.241391
200,2019,2018-11-01,Houston,10,2019-11-22 21:34:27.241391
201,2019,2018-11-12,Houston,10,2019-11-22 21:34:27.241391
202,2019,2018-11-19,Houston,10,2019-11-22 21:34:27.241391
203,2019,2018-11-26,Houston,10,2019-11-22 21:34:27.241391
204,2019,2018-12-03,Houston,10,2019-11-22 21:34:27.241391
205,2019,2018-12-10,Houston,24,2019-11-22 21:34:27.241391
206,2019,2018-12-17,Houston,21,2019-11-22 21:34:27.241391
207,2019,2018-12-24,Houston,22,2019-11-22 21:34:27.241391
208,2019,2018-12-31,Houston,19,2019-11-22 21:34:27.241391
209,2019,2019-01-07,Houston,17,2019-11-22 21:34:27.241391
210,2019,2019-01-14,Houston,21,2019-11-22 21:34:27.241391
211,2019,2019-01-21,Houston,17,2019-11-22 21:34:27.241391
212,2019,2019-01-28,Houston,13,2019-11-22 21:34:27.241391
213,2019,2019-02-04,Houston,12,2019-11-22 21:34:27.241391
214,2019,2019-02-11,Houston,9,2019-11-22 21:34:27.241391
215,2019,2019-02-18,Houston,9,2019-11-22 21:34:27.241391
216,2019,2019-02-25,Houston,8,2019-11-22 21:34:27.241391
217,2019,2019-03-04,Houston,12,2019-11-22 21:34:27.241391
218,2019,2019-03-11,Houston,11,2019-11-22 21:34:27.241391
219,2019,2019-05-01,Houston,11,2019-11-22 21:34:27.241391
220,2019,2018-11-01,LSU,23,2019-11-22 21:34:27.241391
221,2019,2018-11-12,LSU,22,2019-11-22 21:34:27.241391
222,2019,2018-11-19,LSU,19,2019-11-22 21:34:27.241391
223,2019,2018-11-26,LSU,19,2019-11-22 21:34:27.241391
224,2019,2018-12-03,LSU,19,2019-11-22 21:34:27.241391
225,2019,2018-12-10,LSU,19,2019-11-22 21:34:27.241391
226,2019,2018-12-17,LSU,19,2019-11-22 21:34:27.241391
227,2019,2018-12-24,LSU,19,2019-11-22 21:34:27.241391
228,2019,2018-12-31,LSU,19,2019-11-22 21:34:27.241391
229,2019,2019-01-07,LSU,19,2019-11-22 21:34:27.241391
230,2019,2019-01-14,LSU,19,2019-11-22 21:34:27.241391
231,2019,2019-01-21,LSU,25,2019-11-22 21:34:27.241391
232,2019,2019-01-28,LSU,19,2019-11-22 21:34:27.241391
233,2019,2019-02-04,LSU,21,2019-11-22 21:34:27.241391
234,2019,2019-02-11,LSU,19,2019-11-22 21:34:27.241391
235,2019,2019-02-18,LSU,13,2019-11-22 21:34:27.241391
236,2019,2019-02-25,LSU,13,2019-11-22 21:34:27.241391
237,2019,2019-03-04,LSU,10,2019-11-22 21:34:27.241391
238,2019,2019-03-11,LSU,9,2019-11-22 21:34:27.241391
239,2019,2019-05-01,LSU,12,2019-11-22 21:34:27.241391
240,2019,2018-11-01,Purdue,24,2019-11-22 21:34:27.241391
241,2019,2018-11-12,Purdue,23,2019-11-22 21:34:27.241391
242,2019,2018-11-19,Purdue,24,2019-11-22 21:34:27.241391
243,2019,2018-11-26,Purdue,19,2019-11-22 21:34:27.241391
244,2019,2018-12-03,Purdue,19,2019-11-22 21:34:27.241391
245,2019,2018-12-10,Purdue,19,2019-11-22 21:34:27.241391
246,2019,2018-12-17,Purdue,19,2019-11-22 21:34:27.241391
247,2019,2018-12-24,Purdue,19,2019-11-22 21:34:27.241391
248,2019,2018-12-31,Purdue,19,2019-11-22 21:34:27.241391
249,2019,2019-01-07,Purdue,19,2019-11-22 21:34:27.241391
250,2019,2019-01-14,Purdue,19,2019-11-22 21:34:27.241391
251,2019,2019-01-21,Purdue,19,2019-11-22 21:34:27.241391
252,2019,2019-01-28,Purdue,17,2019-11-22 21:34:27.241391
253,2019,2019-02-04,Purdue,15,2019-11-22 21:34:27.241391
254,2019,2019-02-11,Purdue,12,2019-11-22 21:34:27.241391
255,2019,2019-02-18,Purdue,15,2019-11-22 21:34:27.241391
256,2019,2019-02-25,Purdue,14,2019-11-22 21:34:27.241391
257,2019,2019-03-04,Purdue,11,2019-11-22 21:34:27.241391
258,2019,2019-03-11,Purdue,13,2019-11-22 21:34:27.241391
259,2019,2019-05-01,Purdue,13,2019-11-22 21:34:27.241391
260,2019,2018-11-01,Auburn,11,2019-11-22 21:34:27.241391
261,2019,2018-11-12,Auburn,9,2019-11-22 21:34:27.241391
262,2019,2018-11-19,Auburn,8,2019-11-22 21:34:27.241391
263,2019,2018-11-26,Auburn,8,2019-11-22 21:34:27.241391
264,2019,2018-12-03,Auburn,8,2019-11-22 21:34:27.241391
265,2019,2018-12-10,Auburn,8,2019-11-22 21:34:27.241391
266,2019,2018-12-17,Auburn,7,2019-11-22 21:34:27.241391
267,2019,2018-12-24,Auburn,12,2019-11-22 21:34:27.241391
268,2019,2018-12-31,Auburn,12,2019-11-22 21:34:27.241391
269,2019,2019-01-07,Auburn,11,2019-11-22 21:34:27.241391
270,2019,2019-01-14,Auburn,14,2019-11-22 21:34:27.241391
271,2019,2019-01-21,Auburn,16,2019-11-22 21:34:27.241391
272,2019,2019-01-28,Auburn,16,2019-11-22 21:34:27.241391
273,2019,2019-02-04,Auburn,16,2019-11-22 21:34:27.241391
274,2019,2019-02-11,Auburn,16,2019-11-22 21:34:27.241391
275,2019,2019-02-18,Auburn,16,2019-11-22 21:34:27.241391
276,2019,2019-02-25,Auburn,16,2019-11-22 21:34:27.241391
277,2019,2019-03-04,Auburn,16,2019-11-22 21:34:27.241391
278,2019,2019-03-11,Auburn,22,2019-11-22 21:34:27.241391
279,2019,2019-05-01,Auburn,14,2019-11-22 21:34:27.241391
280,2019,2018-11-01,Buffalo,14,2019-11-22 21:34:27.241391
281,2019,2018-11-12,Buffalo,25,2019-11-22 21:34:27.241391
282,2019,2018-11-19,Buffalo,22,2019-11-22 21:34:27.241391
283,2019,2018-11-26,Buffalo,21,2019-11-22 21:34:27.241391
284,2019,2018-12-03,Buffalo,17,2019-11-22 21:34:27.241391
285,2019,2018-12-10,Buffalo,14,2019-11-22 21:34:27.241391
286,2019,2018-12-17,Buffalo,14,2019-11-22 21:34:27.241391
287,2019,2018-12-24,Buffalo,21,2019-11-22 21:34:27.241391
288,2019,2018-12-31,Buffalo,20,2019-11-22 21:34:27.241391
289,2019,2019-01-07,Buffalo,19,2019-11-22 21:34:27.241391
290,2019,2019-01-14,Buffalo,16,2019-11-22 21:34:27.241391
291,2019,2019-01-21,Buffalo,14,2019-11-22 21:34:27.241391
292,2019,2019-01-28,Buffalo,18,2019-11-22 21:34:27.241391
293,2019,2019-02-04,Buffalo,23,2019-11-22 21:34:27.241391
294,2019,2019-02-11,Buffalo,25,2019-11-22 21:34:27.241391
295,2019,2019-02-18,Buffalo,25,2019-11-22 21:34:27.241391
296,2019,2019-02-25,Buffalo,21,2019-11-22 21:34:27.241391
297,2019,2019-03-04,Buffalo,19,2019-11-22 21:34:27.241391
298,2019,2019-03-11,Buffalo,18,2019-11-22 21:34:27.241391
299,2019,2019-05-01,Buffalo,15,2019-11-22 21:34:27.241391
300,2019,2018-11-01,Virginia Tech,15,2019-11-22 21:34:27.241391
301,2019,2018-11-12,Virginia Tech,16,2019-11-22 21:34:27.241391
302,2019,2018-11-19,Virginia Tech,13,2019-11-22 21:34:27.241391
303,2019,2018-11-26,Virginia Tech,13,2019-11-22 21:34:27.241391
304,2019,2018-12-03,Virginia Tech,15,2019-11-22 21:34:27.241391
305,2019,2018-12-10,Virginia Tech,13,2019-11-22 21:34:27.241391
306,2019,2018-12-17,Virginia Tech,13,2019-11-22 21:34:27.241391
307,2019,2018-12-24,Virginia Tech,10,2019-11-22 21:34:27.241391
308,2019,2018-12-31,Virginia Tech,10,2019-11-22 21:34:27.241391
309,2019,2019-01-07,Virginia Tech,9,2019-11-22 21:34:27.241391
310,2019,2019-01-14,Virginia Tech,9,2019-11-22 21:34:27.241391
311,2019,2019-01-21,Virginia Tech,10,2019-11-22 21:34:27.241391
312,2019,2019-01-28,Virginia Tech,12,2019-11-22 21:34:27.241391
313,2019,2019-02-04,Virginia Tech,11,2019-11-22 21:34:27.241391
314,2019,2019-02-11,Virginia Tech,22,2019-11-22 21:34:27.241391
315,2019,2019-02-18,Virginia Tech,20,2019-11-22 21:34:27.241391
316,2019,2019-02-25,Virginia Tech,20,2019-11-22 21:34:27.241391
317,2019,2019-03-04,Virginia Tech,15,2019-11-22 21:34:27.241391
318,2019,2019-03-11,Virginia Tech,16,2019-11-22 21:34:27.241391
319,2019,2019-05-01,Virginia Tech,16,2019-11-22 21:34:27.241391
320,2019,2018-11-01,Kansas,1,2019-11-22 21:34:27.241391
321,2019,2018-11-12,Kansas,2,2019-11-22 21:34:27.241391
322,2019,2018-11-19,Kansas,2,2019-11-22 21:34:27.241391
323,2019,2018-11-26,Kansas,2,2019-11-22 21:34:27.241391
324,2019,2018-12-03,Kansas,2,2019-11-22 21:34:27.241391
325,2019,2018-12-10,Kansas,1,2019-11-22 21:34:27.241391
326,2019,2018-12-17,Kansas,1,2019-11-22 21:34:27.241391
327,2019,2018-12-24,Kansas,5,2019-11-22 21:34:27.241391
328,2019,2018-12-31,Kansas,5,2019-11-22 21:34:27.241391
329,2019,2019-01-07,Kansas,7,2019-11-22 21:34:27.241391
330,2019,2019-01-14,Kansas,7,2019-11-22 21:34:27.241391
331,2019,2019-01-21,Kansas,9,2019-11-22 21:34:27.241391
332,2019,2019-01-28,Kansas,11,2019-11-22 21:34:27.241391
333,2019,2019-02-04,Kansas,13,2019-11-22 21:34:27.241391
334,2019,2019-02-11,Kansas,14,2019-11-22 21:34:27.241391
335,2019,2019-02-18,Kansas,12,2019-11-22 21:34:27.241391
336,2019,2019-02-25,Kansas,15,2019-11-22 21:34:27.241391
337,2019,2019-03-04,Kansas,13,2019-11-22 21:34:27.241391
338,2019,2019-03-11,Kansas,17,2019-11-22 21:34:27.241391
339,2019,2019-05-01,Kansas,17,2019-11-22 21:34:27.241391
340,2019,2018-11-01,Kansas State,12,2019-11-22 21:34:27.241391
341,2019,2018-11-12,Kansas State,12,2019-11-22 21:34:27.241391
342,2019,2018-11-19,Kansas State,12,2019-11-22 21:34:27.241391
343,2019,2018-11-26,Kansas State,12,2019-11-22 21:34:27.241391
344,2019,2018-12-03,Kansas State,16,2019-11-22 21:34:27.241391
345,2019,2018-12-10,Kansas State,25,2019-11-22 21:34:27.241391
346,2019,2018-12-17,Kansas State,25,2019-11-22 21:34:27.241391
347,2019,2018-12-24,Kansas State,25,2019-11-22 21:34:27.241391
348,2019,2018-12-31,Kansas State,25,2019-11-22 21:34:27.241391
349,2019,2019-01-07,Kansas State,25,2019-11-22 21:34:27.241391
350,2019,2019-01-14,Kansas State,25,2019-11-22 21:34:27.241391
351,2019,2019-01-21,Kansas State,25,2019-11-22 21:34:27.241391
352,2019,2019-01-28,Kansas State,25,2019-11-22 21:34:27.241391
353,2019,2019-02-04,Kansas State,25,2019-11-22 21:34:27.241391
354,2019,2019-02-11,Kansas State,18,2019-11-22 21:34:27.241391
355,2019,2019-02-18,Kansas State,23,2019-11-22 21:34:27.241391
356,2019,2019-02-25,Kansas State,16,2019-11-22 21:34:27.241391
357,2019,2019-03-04,Kansas State,18,2019-11-22 21:34:27.241391
358,2019,2019-03-11,Kansas State,15,2019-11-22 21:34:27.241391
359,2019,2019-05-01,Kansas State,18,2019-11-22 21:34:27.241391
360,2019,2018-11-01,Wofford,18,2019-11-22 21:34:27.241391
361,2019,2018-11-12,Wofford,18,2019-11-22 21:34:27.241391
362,2019,2018-11-19,Wofford,18,2019-11-22 21:34:27.241391
363,2019,2018-11-26,Wofford,18,2019-11-22 21:34:27.241391
364,2019,2018-12-03,Wofford,18,2019-11-22 21:34:27.241391
365,2019,2018-12-10,Wofford,18,2019-11-22 21:34:27.241391
366,2019,2018-12-17,Wofford,18,2019-11-22 21:34:27.241391
367,2019,2018-12-24,Wofford,18,2019-11-22 21:34:27.241391
368,2019,2018-12-31,Wofford,18,2019-11-22 21:34:27.241391
369,2019,2019-01-07,Wofford,18,2019-11-22 21:34:27.241391
370,2019,2019-01-14,Wofford,18,2019-11-22 21:34:27.241391
371,2019,2019-01-21,Wofford,18,2019-11-22 21:34:27.241391
372,2019,2019-01-28,Wofford,18,2019-11-22 21:34:27.241391
373,2019,2019-02-04,Wofford,18,2019-11-22 21:34:27.241391
374,2019,2019-02-11,Wofford,18,2019-11-22 21:34:27.241391
375,2019,2019-02-18,Wofford,18,2019-11-22 21:34:27.241391
376,2019,2019-02-25,Wofford,24,2019-11-22 21:34:27.241391
377,2019,2019-03-04,Wofford,22,2019-11-22 21:34:27.241391
378,2019,2019-03-11,Wofford,20,2019-11-22 21:34:27.241391
379,2019,2019-05-01,Wofford,19,2019-11-22 21:34:27.241391
380,2019,2018-11-01,Nevada,7,2019-11-22 21:34:27.241391
381,2019,2018-11-12,Nevada,6,2019-11-22 21:34:27.241391
382,2019,2018-11-19,Nevada,6,2019-11-22 21:34:27.241391
383,2019,2018-11-26,Nevada,5,2019-11-22 21:34:27.241391
384,2019,2018-12-03,Nevada,6,2019-11-22 21:34:27.241391
385,2019,2018-12-10,Nevada,7,2019-11-22 21:34:27.241391
386,2019,2018-12-17,Nevada,6,2019-11-22 21:34:27.241391
387,2019,2018-12-24,Nevada,6,2019-11-22 21:34:27.241391
388,2019,2018-12-31,Nevada,6,2019-11-22 21:34:27.241391
389,2019,2019-01-07,Nevada,10,2019-11-22 21:34:27.241391
390,2019,2019-01-14,Nevada,10,2019-11-22 21:34:27.241391
391,2019,2019-01-21,Nevada,7,2019-11-22 21:34:27.241391
392,2019,2019-01-28,Nevada,8,2019-11-22 21:34:27.241391
393,2019,2019-02-04,Nevada,6,2019-11-22 21:34:27.241391
394,2019,2019-02-11,Nevada,7,2019-11-22 21:34:27.241391
395,2019,2019-02-18,Nevada,6,2019-11-22 21:34:27.241391
396,2019,2019-02-25,Nevada,12,2019-11-22 21:34:27.241391
397,2019,2019-03-04,Nevada,17,2019-11-22 21:34:27.241391
398,2019,2019-03-11,Nevada,14,2019-11-22 21:34:27.241391
399,2019,2019-05-01,Nevada,20,2019-11-22 21:34:27.241391
400,2019,2018-11-01,Wisconsin,20,2019-11-22 21:34:27.241391
401,2019,2018-11-12,Wisconsin,20,2019-11-22 21:34:27.241391
402,2019,2018-11-19,Wisconsin,25,2019-11-22 21:34:27.241391
403,2019,2018-11-26,Wisconsin,22,2019-11-22 21:34:27.241391
404,2019,2018-12-03,Wisconsin,12,2019-11-22 21:34:27.241391
405,2019,2018-12-10,Wisconsin,16,2019-11-22 21:34:27.241391
406,2019,2018-12-17,Wisconsin,16,2019-11-22 21:34:27.241391
407,2019,2018-12-24,Wisconsin,15,2019-11-22 21:34:27.241391
408,2019,2018-12-31,Wisconsin,22,2019-11-22 21:34:27.241391
409,2019,2019-01-07,Wisconsin,22,2019-11-22 21:34:27.241391
410,2019,2019-01-14,Wisconsin,22,2019-11-22 21:34:27.241391
411,2019,2019-01-21,Wisconsin,22,2019-11-22 21:34:27.241391
412,2019,2019-01-28,Wisconsin,24,2019-11-22 21:34:27.241391
413,2019,2019-02-04,Wisconsin,19,2019-11-22 21:34:27.241391
414,2019,2019-02-11,Wisconsin,20,2019-11-22 21:34:27.241391
415,2019,2019-02-18,Wisconsin,22,2019-11-22 21:34:27.241391
416,2019,2019-02-25,Wisconsin,19,2019-11-22 21:34:27.241391
417,2019,2019-03-04,Wisconsin,21,2019-11-22 21:34:27.241391
418,2019,2019-03-11,Wisconsin,19,2019-11-22 21:34:27.241391
419,2019,2019-05-01,Wisconsin,21,2019-11-22 21:34:27.241391
420,2019,2018-11-01,Cincinnati,21,2019-11-22 21:34:27.241391
421,2019,2018-11-12,Cincinnati,21,2019-11-22 21:34:27.241391
422,2019,2018-11-19,Cincinnati,21,2019-11-22 21:34:27.241391
423,2019,2018-11-26,Cincinnati,21,2019-11-22 21:34:27.241391
424,2019,2018-12-03,Cincinnati,21,2019-11-22 21:34:27.241391
425,2019,2018-12-10,Cincinnati,21,2019-11-22 21:34:27.241391
426,2019,2018-12-17,Cincinnati,21,2019-11-22 21:34:27.241391
427,2019,2018-12-24,Cincinnati,21,2019-11-22 21:34:27.241391
428,2019,2018-12-31,Cincinnati,21,2019-11-22 21:34:27.241391
429,2019,2019-01-07,Cincinnati,21,2019-11-22 21:34:27.241391
430,2019,2019-01-14,Cincinnati,21,2019-11-22 21:34:27.241391
431,2019,2019-01-21,Cincinnati,21,2019-11-22 21:34:27.241391
432,2019,2019-01-28,Cincinnati,21,2019-11-22 21:34:27.241391
433,2019,2019-02-04,Cincinnati,25,2019-11-22 21:34:27.241391
434,2019,2019-02-11,Cincinnati,25,2019-11-22 21:34:27.241391
435,2019,2019-02-18,Cincinnati,25,2019-11-22 21:34:27.241391
436,2019,2019-02-25,Cincinnati,23,2019-11-22 21:34:27.241391
437,2019,2019-03-04,Cincinnati,20,2019-11-22 21:34:27.241391
438,2019,2019-03-11,Cincinnati,24,2019-11-22 21:34:27.241391
439,2019,2019-05-01,Cincinnati,22,2019-11-22 21:34:27.241391
440,2019,2018-11-01,Villanova,9,2019-11-22 21:34:27.241391
441,2019,2018-11-12,Villanova,8,2019-11-22 21:34:27.241391
442,2019,2018-11-19,Villanova,8,2019-11-22 21:34:27.241391
443,2019,2018-11-26,Villanova,23,2019-11-22 21:34:27.241391
444,2019,2018-12-03,Villanova,21,2019-11-22 21:34:27.241391
445,2019,2018-12-10,Villanova,17,2019-11-22 21:34:27.241391
446,2019,2018-12-17,Villanova,17,2019-11-22 21:34:27.241391
447,2019,2018-12-24,Villanova,17,2019-11-22 21:34:27.241391
448,2019,2018-12-31,Villanova,17,2019-11-22 21:34:27.241391
449,2019,2019-01-07,Villanova,17,2019-11-22 21:34:27.241391
450,2019,2019-01-14,Villanova,22,2019-11-22 21:34:27.241391
451,2019,2019-01-21,Villanova,18,2019-11-22 21:34:27.241391
452,2019,2019-01-28,Villanova,14,2019-11-22 21:34:27.241391
453,2019,2019-02-04,Villanova,14,2019-11-22 21:34:27.241391
454,2019,2019-02-11,Villanova,13,2019-11-22 21:34:27.241391
455,2019,2019-02-18,Villanova,17,2019-11-22 21:34:27.241391
456,2019,2019-02-25,Villanova,17,2019-11-22 21:34:27.241391
457,2019,2019-03-04,Villanova,23,2019-11-22 21:34:27.241391
458,2019,2019-03-11,Villanova,25,2019-11-22 21:34:27.241391
459,2019,2019-05-01,Villanova,23,2019-11-22 21:34:27.241391
460,2019,2018-11-01,Iowa State,23,2019-11-22 21:34:27.241391
461,2019,2018-11-12,Iowa State,23,2019-11-22 21:34:27.241391
462,2019,2018-11-19,Iowa State,23,2019-11-22 21:34:27.241391
463,2019,2018-11-26,Iowa State,23,2019-11-22 21:34:27.241391
464,2019,2018-12-03,Iowa State,23,2019-11-22 21:34:27.241391
465,2019,2018-12-10,Iowa State,23,2019-11-22 21:34:27.241391
466,2019,2018-12-17,Iowa State,23,2019-11-22 21:34:27.241391
467,2019,2018-12-24,Iowa State,23,2019-11-22 21:34:27.241391
468,2019,2018-12-31,Iowa State,23,2019-11-22 21:34:27.241391
469,2019,2019-01-07,Iowa State,20,2019-11-22 21:34:27.241391
470,2019,2019-01-14,Iowa State,20,2019-11-22 21:34:27.241391
471,2019,2019-01-21,Iowa State,24,2019-11-22 21:34:27.241391
472,2019,2019-01-28,Iowa State,20,2019-11-22 21:34:27.241391
473,2019,2019-02-04,Iowa State,17,2019-11-22 21:34:27.241391
474,2019,2019-02-11,Iowa State,23,2019-11-22 21:34:27.241391
475,2019,2019-02-18,Iowa State,19,2019-11-22 21:34:27.241391
476,2019,2019-02-25,Iowa State,19,2019-11-22 21:34:27.241391
477,2019,2019-03-04,Iowa State,19,2019-11-22 21:34:27.241391
478,2019,2019-03-11,Iowa State,19,2019-11-22 21:34:27.241391
479,2019,2019-05-01,Iowa State,24,2019-11-22 21:34:27.241391
480,2019,2018-11-01,Utah State,24,2019-11-22 21:34:27.241391
481,2019,2018-11-12,Utah State,24,2019-11-22 21:34:27.241391
482,2019,2018-11-19,Utah State,24,2019-11-22 21:34:27.241391
483,2019,2018-11-26,Utah State,24,2019-11-22 21:34:27.241391
484,2019,2018-12-03,Utah State,24,2019-11-22 21:34:27.241391
485,2019,2018-12-10,Utah State,24,2019-11-22 21:34:27.241391
486,2019,2018-12-17,Utah State,24,2019-11-22 21:34:27.241391
487,2019,2018-12-24,Utah State,24,2019-11-22 21:34:27.241391
488,2019,2018-12-31,Utah State,24,2019-11-22 21:34:27.241391
489,2019,2019-01-07,Utah State,24,2019-11-22 21:34:27.241391
490,2019,2019-01-14,Utah State,24,2019-11-22 21:34:27.241391
491,2019,2019-01-21,Utah State,24,2019-11-22 21:34:27.241391
492,2019,2019-01-28,Utah State,24,2019-11-22 21:34:27.241391
493,2019,2019-02-04,Utah State,24,2019-11-22 21:34:27.241391
494,2019,2019-02-11,Utah State,24,2019-11-22 21:34:27.241391
495,2019,2019-02-18,Utah State,24,2019-11-22 21:34:27.241391
496,2019,2019-02-25,Utah State,24,2019-11-22 21:34:27.241391
497,2019,2019-03-04,Utah State,24,2019-11-22 21:34:27.241391
498,2019,2019-03-11,Utah State,24,2019-11-22 21:34:27.241391
499,2019,2019-05-01,Utah State,25,2019-11-22 21:34:27.241391
500,2019,2018-11-01,Louisville,25,2019-11-22 21:34:27.241391
501,2019,2018-11-12,Louisville,25,2019-11-22 21:34:27.241391
502,2019,2018-11-19,Louisville,25,2019-11-22 21:34:27.241391
503,2019,2018-11-26,Louisville,25,2019-11-22 21:34:27.241391
504,2019,2018-12-03,Louisville,25,2019-11-22 21:34:27.241391
505,2019,2018-12-10,Louisville,25,2019-11-22 21:34:27.241391
506,2019,2018-12-17,Louisville,25,2019-11-22 21:34:27.241391
507,2019,2018-12-24,Louisville,25,2019-11-22 21:34:27.241391
508,2019,2018-12-31,Louisville,25,2019-11-22 21:34:27.241391
509,2019,2019-01-07,Louisville,25,2019-11-22 21:34:27.241391
510,2019,2019-01-14,Louisville,25,2019-11-22 21:34:27.241391
511,2019,2019-01-21,Louisville,23,2019-11-22 21:34:27.241391
512,2019,2019-01-28,Louisville,15,2019-11-22 21:34:27.241391
513,2019,2019-02-04,Louisville,16,2019-11-22 21:34:27.241391
514,2019,2019-02-11,Louisville,16,2019-11-22 21:34:27.241391
515,2019,2019-02-18,Louisville,18,2019-11-22 21:34:27.241391
516,2019,2019-02-25,Louisville,18,2019-11-22 21:34:27.241391
517,2019,2019-03-04,Louisville,18,2019-11-22 21:34:27.241391
518,2019,2019-03-11,Louisville,18,2019-11-22 21:34:27.241391
519,2019,2019-05-01,Louisville,18,2019-11-22 21:34:27.241391
520,2019,2018-11-01,Nebraska,18,2019-11-22 21:34:27.241391
521,2019,2018-11-12,Nebraska,18,2019-11-22 21:34:27.241391
522,2019,2018-11-19,Nebraska,18,2019-11-22 21:34:27.241391
523,2019,2018-11-26,Nebraska,18,2019-11-22 21:34:27.241391
524,2019,2018-12-03,Nebraska,24,2019-11-22 21:34:27.241391
525,2019,2018-12-10,Nebraska,24,2019-11-22 21:34:27.241391
526,2019,2018-12-17,Nebraska,25,2019-11-22 21:34:27.241391
527,2019,2018-12-24,Nebraska,25,2019-11-22 21:34:27.241391
528,2019,2018-12-31,Nebraska,24,2019-11-22 21:34:27.241391
529,2019,2019-01-07,Nebraska,24,2019-11-22 21:34:27.241391
530,2019,2019-01-14,Nebraska,24,2019-11-22 21:34:27.241391
531,2019,2019-01-21,Nebraska,24,2019-11-22 21:34:27.241391
532,2019,2019-01-28,Nebraska,24,2019-11-22 21:34:27.241391
533,2019,2019-02-04,Nebraska,24,2019-11-22 21:34:27.241391
534,2019,2019-02-11,Nebraska,24,2019-11-22 21:34:27.241391
535,2019,2019-02-18,Nebraska,24,2019-11-22 21:34:27.241391
536,2019,2019-02-25,Nebraska,24,2019-11-22 21:34:27.241391
537,2019,2019-03-04,Nebraska,24,2019-11-22 21:34:27.241391
538,2019,2019-03-11,Nebraska,24,2019-11-22 21:34:27.241391
539,2019,2019-05-01,Nebraska,24,2019-11-22 21:34:27.241391
540,2019,2018-11-01,Marquette,24,2019-11-22 21:34:27.241391
541,2019,2018-11-12,Marquette,24,2019-11-22 21:34:27.241391
542,2019,2018-11-19,Marquette,24,2019-11-22 21:34:27.241391
543,2019,2018-11-26,Marquette,24,2019-11-22 21:34:27.241391
544,2019,2018-12-03,Marquette,24,2019-11-22 21:34:27.241391
545,2019,2018-12-10,Marquette,21,2019-11-22 21:34:27.241391
546,2019,2018-12-17,Marquette,20,2019-11-22 21:34:27.241391
547,2019,2018-12-24,Marquette,18,2019-11-22 21:34:27.241391
548,2019,2018-12-31,Marquette,16,2019-11-22 21:34:27.241391
549,2019,2019-01-07,Marquette,21,2019-11-22 21:34:27.241391
550,2019,2019-01-14,Marquette,15,2019-11-22 21:34:27.241391
551,2019,2019-01-21,Marquette,12,2019-11-22 21:34:27.241391
552,2019,2019-01-28,Marquette,10,2019-11-22 21:34:27.241391
553,2019,2019-02-04,Marquette,10,2019-11-22 21:34:27.241391
554,2019,2019-02-11,Marquette,10,2019-11-22 21:34:27.241391
555,2019,2019-02-18,Marquette,11,2019-11-22 21:34:27.241391
556,2019,2019-02-25,Marquette,10,2019-11-22 21:34:27.241391
557,2019,2019-03-04,Marquette,16,2019-11-22 21:34:27.241391
558,2019,2019-03-11,Marquette,23,2019-11-22 21:34:27.241391
559,2019,2019-05-01,Marquette,23,2019-11-22 21:34:27.241391
560,2019,2018-11-01,UCF,23,2019-11-22 21:34:27.241391
561,2019,2018-11-12,UCF,23,2019-11-22 21:34:27.241391
562,2019,2018-11-19,UCF,23,2019-11-22 21:34:27.241391
563,2019,2018-11-26,UCF,23,2019-11-22 21:34:27.241391
564,2019,2018-12-03,UCF,23,2019-11-22 21:34:27.241391
565,2019,2018-12-10,UCF,23,2019-11-22 21:34:27.241391
566,2019,2018-12-17,UCF,23,2019-11-22 21:34:27.241391
567,2019,2018-12-24,UCF,23,2019-11-22 21:34:27.241391
568,2019,2018-12-31,UCF,23,2019-11-22 21:34:27.241391
569,2019,2019-01-07,UCF,23,2019-11-22 21:34:27.241391
570,2019,2019-01-14,UCF,23,2019-11-22 21:34:27.241391
571,2019,2019-01-21,UCF,23,2019-11-22 21:34:27.241391
572,2019,2019-01-28,UCF,23,2019-11-22 21:34:27.241391
573,2019,2019-02-04,UCF,23,2019-11-22 21:34:27.241391
574,2019,2019-02-11,UCF,23,2019-11-22 21:34:27.241391
575,2019,2019-02-18,UCF,23,2019-11-22 21:34:27.241391
576,2019,2019-02-25,UCF,23,2019-11-22 21:34:27.241391
577,2019,2019-03-04,UCF,25,2019-11-22 21:34:27.241391
578,2019,2019-03-11,UCF,25,2019-11-22 21:34:27.241391
579,2019,2019-05-01,UCF,25,2019-11-22 21:34:27.241391
580,2019,2018-11-01,Ole Miss,25,2019-11-22 21:34:27.241391
581,2019,2018-11-12,Ole Miss,25,2019-11-22 21:34:27.241391
582,2019,2018-11-19,Ole Miss,25,2019-11-22 21:34:27.241391
583,2019,2018-11-26,Ole Miss,25,2019-11-22 21:34:27.241391
584,2019,2018-12-03,Ole Miss,25,2019-11-22 21:34:27.241391
585,2019,2018-12-10,Ole Miss,25,2019-11-22 21:34:27.241391
586,2019,2018-12-17,Ole Miss,25,2019-11-22 21:34:27.241391
587,2019,2018-12-24,Ole Miss,25,2019-11-22 21:34:27.241391
588,2019,2018-12-31,Ole Miss,25,2019-11-22 21:34:27.241391
589,2019,2019-01-07,Ole Miss,25,2019-11-22 21:34:27.241391
590,2019,2019-01-14,Ole Miss,18,2019-11-22 21:34:27.241391
591,2019,2019-01-21,Ole Miss,20,2019-11-22 21:34:27.241391
592,2019,2019-01-28,Ole Miss,20,2019-11-22 21:34:27.241391
593,2019,2019-02-04,Ole Miss,20,2019-11-22 21:34:27.241391
594,2019,2019-02-11,Ole Miss,20,2019-11-22 21:34:27.241391
595,2019,2019-02-18,Ole Miss,20,2019-11-22 21:34:27.241391
596,2019,2019-02-25,Ole Miss,20,2019-11-22 21:34:27.241391
597,2019,2019-03-04,Ole Miss,20,2019-11-22 21:34:27.241391
598,2019,2019-03-11,Ole Miss,20,2019-11-22 21:34:27.241391
599,2019,2019-05-01,Ole Miss,20,2019-11-22 21:34:27.241391
600,2019,2018-11-01,Oregon,14,2019-11-22 21:34:27.241391
601,2019,2018-11-12,Oregon,13,2019-11-22 21:34:27.241391
602,2019,2018-11-19,Oregon,21,2019-11-22 21:34:27.241391
603,2019,2018-11-26,Oregon,18,2019-11-22 21:34:27.241391
604,2019,2018-12-03,Oregon,18,2019-11-22 21:34:27.241391
605,2019,2018-12-10,Oregon,18,2019-11-22 21:34:27.241391
606,2019,2018-12-17,Oregon,18,2019-11-22 21:34:27.241391
607,2019,2018-12-24,Oregon,18,2019-11-22 21:34:27.241391
608,2019,2018-12-31,Oregon,18,2019-11-22 21:34:27.241391
609,2019,2019-01-07,Oregon,18,2019-11-22 21:34:27.241391
610,2019,2019-01-14,Oregon,18,2019-11-22 21:34:27.241391
611,2019,2019-01-21,Oregon,18,2019-11-22 21:34:27.241391
612,2019,2019-01-28,Oregon,18,2019-11-22 21:34:27.241391
613,2019,2019-02-04,Oregon,18,2019-11-22 21:34:27.241391
614,2019,2019-02-11,Oregon,18,2019-11-22 21:34:27.241391
615,2019,2019-02-18,Oregon,18,2019-11-22 21:34:27.241391
616,2019,2019-02-25,Oregon,18,2019-11-22 21:34:27.241391
617,2019,2019-03-04,Oregon,18,2019-11-22 21:34:27.241391
618,2019,2019-03-11,Oregon,18,2019-11-22 21:34:27.241391
619,2019,2019-05-01,Oregon,18,2019-11-22 21:34:27.241391
620,2019,2018-11-01,Indiana,18,2019-11-22 21:34:27.241391
621,2019,2018-11-12,Indiana,18,2019-11-22 21:34:27.241391
622,2019,2018-11-19,Indiana,18,2019-11-22 21:34:27.241391
623,2019,2018-11-26,Indiana,18,2019-11-22 21:34:27.241391
624,2019,2018-12-03,Indiana,18,2019-11-22 21:34:27.241391
625,2019,2018-12-10,Indiana,25,2019-11-22 21:34:27.241391
626,2019,2018-12-17,Indiana,22,2019-11-22 21:34:27.241391
627,2019,2018-12-24,Indiana,23,2019-11-22 21:34:27.241391
628,2019,2018-12-31,Indiana,21,2019-11-22 21:34:27.241391
629,2019,2019-01-07,Indiana,22,2019-11-22 21:34:27.241391
630,2019,2019-01-14,Indiana,25,2019-11-22 21:34:27.241391
631,2019,2019-01-21,Indiana,25,2019-11-22 21:34:27.241391
632,2019,2019-01-28,Indiana,25,2019-11-22 21:34:27.241391
633,2019,2019-02-04,Indiana,25,2019-11-22 21:34:27.241391
634,2019,2019-02-11,Indiana,25,2019-11-22 21:34:27.241391
635,2019,2019-02-18,Indiana,25,2019-11-22 21:34:27.241391
636,2019,2019-02-25,Indiana,25,2019-11-22 21:34:27.241391
637,2019,2019-03-04,Indiana,25,2019-11-22 21:34:27.241391
638,2019,2019-03-11,Indiana,25,2019-11-22 21:34:27.241391
639,2019,2019-05-01,Indiana,25,2019-11-22 21:34:27.241391
640,2019,2018-11-01,Arizona State,25,2019-11-22 21:34:27.241391
641,2019,2018-11-12,Arizona State,25,2019-11-22 21:34:27.241391
642,2019,2018-11-19,Arizona State,25,2019-11-22 21:34:27.241391
643,2019,2018-11-26,Arizona State,25,2019-11-22 21:34:27.241391
644,2019,2018-12-03,Arizona State,20,2019-11-22 21:34:27.241391
645,2019,2018-12-10,Arizona State,20,2019-11-22 21:34:27.241391
646,2019,2018-12-17,Arizona State,18,2019-11-22 21:34:27.241391
647,2019,2018-12-24,Arizona State,17,2019-11-22 21:34:27.241391
648,2019,2018-12-31,Arizona State,17,2019-11-22 21:34:27.241391
649,2019,2019-01-07,Arizona State,17,2019-11-22 21:34:27.241391
650,2019,2019-01-14,Arizona State,17,2019-11-22 21:34:27.241391
651,2019,2019-01-21,Arizona State,17,2019-11-22 21:34:27.241391
652,2019,2019-01-28,Arizona State,17,2019-11-22 21:34:27.241391
653,2019,2019-02-04,Arizona State,17,2019-11-22 21:34:27.241391
654,2019,2019-02-11,Arizona State,17,2019-11-22 21:34:27.241391
655,2019,2019-02-18,Arizona State,17,2019-11-22 21:34:27.241391
656,2019,2019-02-25,Arizona State,17,2019-11-22 21:34:27.241391
657,2019,2019-03-04,Arizona State,17,2019-11-22 21:34:27.241391
658,2019,2019-03-11,Arizona State,17,2019-11-22 21:34:27.241391
659,2019,2019-05-01,Arizona State,17,2019-11-22 21:34:27.241391
660,2019,2018-11-01,St. John's (NY),17,2019-11-22 21:34:27.241391
661,2019,2018-11-12,St. John's (NY),17,2019-11-22 21:34:27.241391
662,2019,2018-11-19,St. John's (NY),17,2019-11-22 21:34:27.241391
663,2019,2018-11-26,St. John's (NY),17,2019-11-22 21:34:27.241391
664,2019,2018-12-03,St. John's (NY),17,2019-11-22 21:34:27.241391
665,2019,2018-12-10,St. John's (NY),17,2019-11-22 21:34:27.241391
666,2019,2018-12-17,St. John's (NY),17,2019-11-22 21:34:27.241391
667,2019,2018-12-24,St. John's (NY),17,2019-11-22 21:34:27.241391
668,2019,2018-12-31,St. John's (NY),17,2019-11-22 21:34:27.241391
669,2019,2019-01-07,St. John's (NY),24,2019-11-22 21:34:27.241391
670,2019,2019-01-14,St. John's (NY),24,2019-11-22 21:34:27.241391
671,2019,2019-01-21,St. John's (NY),24,2019-11-22 21:34:27.241391
672,2019,2019-01-28,St. John's (NY),24,2019-11-22 21:34:27.241391
673,2019,2019-02-04,St. John's (NY),24,2019-11-22 21:34:27.241391
674,2019,2019-02-11,St. John's (NY),24,2019-11-22 21:34:27.241391
675,2019,2019-02-18,St. John's (NY),24,2019-11-22 21:34:27.241391
676,2019,2019-02-25,St. John's (NY),24,2019-11-22 21:34:27.241391
677,2019,2019-03-04,St. John's (NY),24,2019-11-22 21:34:27.241391
678,2019,2019-03-11,St. John's (NY),24,2019-11-22 21:34:27.241391
679,2019,2019-05-01,St. John's (NY),24,2019-11-22 21:34:27.241391
680,2019,2018-11-01,Syracuse,16,2019-11-22 21:34:27.241391
681,2019,2018-11-12,Syracuse,15,2019-11-22 21:34:27.241391
682,2019,2018-11-19,Syracuse,15,2019-11-22 21:34:27.241391
683,2019,2018-11-26,Syracuse,15,2019-11-22 21:34:27.241391
684,2019,2018-12-03,Syracuse,15,2019-11-22 21:34:27.241391
685,2019,2018-12-10,Syracuse,25,2019-11-22 21:34:27.241391
686,2019,2018-12-17,Syracuse,25,2019-11-22 21:34:27.241391
687,2019,2018-12-24,Syracuse,25,2019-11-22 21:34:27.241391
688,2019,2018-12-31,Syracuse,25,2019-11-22 21:34:27.241391
689,2019,2019-01-07,Syracuse,25,2019-11-22 21:34:27.241391
690,2019,2019-01-14,Syracuse,25,2019-11-22 21:34:27.241391
691,2019,2019-01-21,Syracuse,25,2019-11-22 21:34:27.241391
692,2019,2019-01-28,Syracuse,25,2019-11-22 21:34:27.241391
693,2019,2019-02-04,Syracuse,25,2019-11-22 21:34:27.241391
694,2019,2019-02-11,Syracuse,25,2019-11-22 21:34:27.241391
695,2019,2019-02-18,Syracuse,25,2019-11-22 21:34:27.241391
696,2019,2019-02-25,Syracuse,25,2019-11-22 21:34:27.241391
697,2019,2019-03-04,Syracuse,25,2019-11-22 21:34:27.241391
698,2019,2019-03-11,Syracuse,25,2019-11-22 21:34:27.241391
699,2019,2019-05-01,Syracuse,25,2019-11-22 21:34:27.241391
700,2019,2018-11-01,Maryland,25,2019-11-22 21:34:27.241391
701,2019,2018-11-12,Maryland,25,2019-11-22 21:34:27.241391
702,2019,2018-11-19,Maryland,25,2019-11-22 21:34:27.241391
703,2019,2018-11-26,Maryland,24,2019-11-22 21:34:27.241391
704,2019,2018-12-03,Maryland,23,2019-11-22 21:34:27.241391
705,2019,2018-12-10,Maryland,23,2019-11-22 21:34:27.241391
706,2019,2018-12-17,Maryland,23,2019-11-22 21:34:27.241391
707,2019,2018-12-24,Maryland,23,2019-11-22 21:34:27.241391
708,2019,2018-12-31,Maryland,23,2019-11-22 21:34:27.241391
709,2019,2019-01-07,Maryland,23,2019-11-22 21:34:27.241391
710,2019,2019-01-14,Maryland,19,2019-11-22 21:34:27.241391
711,2019,2019-01-21,Maryland,13,2019-11-22 21:34:27.241391
712,2019,2019-01-28,Maryland,21,2019-11-22 21:34:27.241391
713,2019,2019-02-04,Maryland,24,2019-11-22 21:34:27.241391
714,2019,2019-02-11,Maryland,24,2019-11-22 21:34:27.241391
715,2019,2019-02-18,Maryland,24,2019-11-22 21:34:27.241391
716,2019,2019-02-25,Maryland,17,2019-11-22 21:34:27.241391
717,2019,2019-03-04,Maryland,24,2019-11-22 21:34:27.241391
718,2019,2019-03-11,Maryland,21,2019-11-22 21:34:27.241391
719,2019,2019-05-01,Maryland,21,2019-11-22 21:34:27.241391
720,2019,2018-11-01,West Virginia,13,2019-11-22 21:34:27.241391
721,2019,2018-11-12,West Virginia,13,2019-11-22 21:34:27.241391
722,2019,2018-11-19,West Virginia,13,2019-11-22 21:34:27.241391
723,2019,2018-11-26,West Virginia,13,2019-11-22 21:34:27.241391
724,2019,2018-12-03,West Virginia,13,2019-11-22 21:34:27.241391
725,2019,2018-12-10,West Virginia,13,2019-11-22 21:34:27.241391
726,2019,2018-12-17,West Virginia,13,2019-11-22 21:34:27.241391
727,2019,2018-12-24,West Virginia,13,2019-11-22 21:34:27.241391
728,2019,2018-12-31,West Virginia,13,2019-11-22 21:34:27.241391
729,2019,2019-01-07,West Virginia,13,2019-11-22 21:34:27.241391
730,2019,2019-01-14,West Virginia,13,2019-11-22 21:34:27.241391
731,2019,2019-01-21,West Virginia,13,2019-11-22 21:34:27.241391
732,2019,2019-01-28,West Virginia,13,2019-11-22 21:34:27.241391
733,2019,2019-02-04,West Virginia,13,2019-11-22 21:34:27.241391
734,2019,2019-02-11,West Virginia,13,2019-11-22 21:34:27.241391
735,2019,2019-02-18,West Virginia,13,2019-11-22 21:34:27.241391
736,2019,2019-02-25,West Virginia,13,2019-11-22 21:34:27.241391
737,2019,2019-03-04,West Virginia,13,2019-11-22 21:34:27.241391
738,2019,2019-03-11,West Virginia,13,2019-11-22 21:34:27.241391
739,2019,2019-05-01,West Virginia,13,2019-11-22 21:34:27.241391
740,2019,2018-11-01,UCLA,21,2019-11-22 21:34:27.241391
741,2019,2018-11-12,UCLA,20,2019-11-22 21:34:27.241391
742,2019,2018-11-19,UCLA,17,2019-11-22 21:34:27.241391
743,2019,2018-11-26,UCLA,17,2019-11-22 21:34:27.241391
744,2019,2018-12-03,UCLA,17,2019-11-22 21:34:27.241391
745,2019,2018-12-10,UCLA,17,2019-11-22 21:34:27.241391
746,2019,2018-12-17,UCLA,17,2019-11-22 21:34:27.241391
747,2019,2018-12-24,UCLA,17,2019-11-22 21:34:27.241391
748,2019,2018-12-31,UCLA,17,2019-11-22 21:34:27.241391
749,2019,2019-01-07,UCLA,17,2019-11-22 21:34:27.241391
750,2019,2019-01-14,UCLA,17,2019-11-22 21:34:27.241391
751,2019,2019-01-21,UCLA,17,2019-11-22 21:34:27.241391
752,2019,2019-01-28,UCLA,17,2019-11-22 21:34:27.241391
753,2019,2019-02-04,UCLA,17,2019-11-22 21:34:27.241391
754,2019,2019-02-11,UCLA,17,2019-11-22 21:34:27.241391
755,2019,2019-02-18,UCLA,17,2019-11-22 21:34:27.241391
756,2019,2019-02-25,UCLA,17,2019-11-22 21:34:27.241391
757,2019,2019-03-04,UCLA,17,2019-11-22 21:34:27.241391
758,2019,2019-03-11,UCLA,17,2019-11-22 21:34:27.241391
759,2019,2019-05-01,UCLA,17,2019-11-22 21:34:27.241391
760,2019,2018-11-01,Washington,25,2019-11-22 21:34:27.241391
761,2019,2018-11-12,Washington,25,2019-11-22 21:34:27.241391
762,2019,2018-11-19,Washington,25,2019-11-22 21:34:27.241391
763,2019,2018-11-26,Washington,25,2019-11-22 21:34:27.241391
764,2019,2018-12-03,Washington,25,2019-11-22 21:34:27.241391
765,2019,2018-12-10,Washington,25,2019-11-22 21:34:27.241391
766,2019,2018-12-17,Washington,25,2019-11-22 21:34:27.241391
767,2019,2018-12-24,Washington,25,2019-11-22 21:34:27.241391
768,2019,2018-12-31,Washington,25,2019-11-22 21:34:27.241391
769,2019,2019-01-07,Washington,25,2019-11-22 21:34:27.241391
770,2019,2019-01-14,Washington,25,2019-11-22 21:34:27.241391
771,2019,2019-01-21,Washington,25,2019-11-22 21:34:27.241391
772,2019,2019-01-28,Washington,25,2019-11-22 21:34:27.241391
773,2019,2019-02-04,Washington,25,2019-11-22 21:34:27.241391
774,2019,2019-02-11,Washington,25,2019-11-22 21:34:27.241391
775,2019,2019-02-18,Washington,25,2019-11-22 21:34:27.241391
776,2019,2019-02-25,Washington,25,2019-11-22 21:34:27.241391
777,2019,2019-03-04,Washington,25,2019-11-22 21:34:27.241391
778,2019,2019-03-11,Washington,25,2019-11-22 21:34:27.241391
779,2019,2019-05-01,Washington,25,2019-11-22 21:34:27.241391
780,2019,2018-11-01,Clemson,22,2019-11-22 21:34:27.241391
781,2019,2018-11-12,Clemson,19,2019-11-22 21:34:27.241391
782,2019,2018-11-19,Clemson,16,2019-11-22 21:34:27.241391
783,2019,2018-11-26,Clemson,16,2019-11-22 21:34:27.241391
784,2019,2018-12-03,Clemson,16,2019-11-22 21:34:27.241391
785,2019,2018-12-10,Clemson,16,2019-11-22 21:34:27.241391
786,2019,2018-12-17,Clemson,16,2019-11-22 21:34:27.241391
787,2019,2018-12-24,Clemson,16,2019-11-22 21:34:27.241391
788,2019,2018-12-31,Clemson,16,2019-11-22 21:34:27.241391
789,2019,2019-01-07,Clemson,16,2019-11-22 21:34:27.241391
790,2019,2019-01-14,Clemson,16,2019-11-22 21:34:27.241391
791,2019,2019-01-21,Clemson,16,2019-11-22 21:34:27.241391
792,2019,2019-01-28,Clemson,16,2019-11-22 21:34:27.241391
793,2019,2019-02-04,Clemson,16,2019-11-22 21:34:27.241391
794,2019,2019-02-11,Clemson,16,2019-11-22 21:34:27.241391
795,2019,2019-02-18,Clemson,16,2019-11-22 21:34:27.241391
796,2019,2019-02-25,Clemson,16,2019-11-22 21:34:27.241391
797,2019,2019-03-04,Clemson,16,2019-11-22 21:34:27.241391
798,2019,2019-03-11,Clemson,16,2019-11-22 21:34:27.241391
799,2019,2019-05-01,Clemson,16,2019-11-22 21:34:27.241391
800,2019,2018-11-01,Furman,16,2019-11-22 21:34:27.241391
801,2019,2018-11-12,Furman,16,2019-11-22 21:34:27.241391
802,2019,2018-11-19,Furman,16,2019-11-22 21:34:27.241391
803,2019,2018-11-26,Furman,16,2019-11-22 21:34:27.241391
804,2019,2018-12-03,Furman,25,2019-11-22 21:34:27.241391
805,2019,2018-12-10,Furman,23,2019-11-22 21:34:27.241391
806,2019,2018-12-17,Furman,24,2019-11-22 21:34:27.241391
807,2019,2018-12-24,Furman,24,2019-11-22 21:34:27.241391
808,2019,2018-12-31,Furman,24,2019-11-22 21:34:27.241391
809,2019,2019-01-07,Furman,24,2019-11-22 21:34:27.241391
810,2019,2019-01-14,Furman,24,2019-11-22 21:34:27.241391
811,2019,2019-01-21,Furman,24,2019-11-22 21:34:27.241391
812,2019,2019-01-28,Furman,24,2019-11-22 21:34:27.241391
813,2019,2019-02-04,Furman,24,2019-11-22 21:34:27.241391
814,2019,2019-02-11,Furman,24,2019-11-22 21:34:27.241391
815,2019,2019-02-18,Furman,24,2019-11-22 21:34:27.241391
816,2019,2019-02-25,Furman,24,2019-11-22 21:34:27.241391
817,2019,2019-03-04,Furman,24,2019-11-22 21:34:27.241391
818,2019,2019-03-11,Furman,24,2019-11-22 21:34:27.241391
819,2019,2019-05-01,Furman,24,2019-11-22 21:34:27.241391
820,2019,2018-11-01,Texas,24,2019-11-22 21:34:27.241391
821,2019,2018-11-12,Texas,24,2019-11-22 21:34:27.241391
822,2019,2018-11-19,Texas,24,2019-11-22 21:34:27.241391
823,2019,2018-11-26,Texas,17,2019-11-22 21:34:27.241391
824,2019,2018-12-03,Texas,17,2019-11-22 21:34:27.241391
825,2019,2018-12-10,Texas,17,2019-11-22 21:34:27.241391
826,2019,2018-12-17,Texas,17,2019-11-22 21:34:27.241391
827,2019,2018-12-24,Texas,17,2019-11-22 21:34:27.241391
828,2019,2018-12-31,Texas,17,2019-11-22 21:34:27.241391
829,2019,2019-01-07,Texas,17,2019-11-22 21:34:27.241391
830,2019,2019-01-14,Texas,17,2019-11-22 21:34:27.241391
831,2019,2019-01-21,Texas,17,2019-11-22 21:34:27.241391
832,2019,2019-01-28,Texas,17,2019-11-22 21:34:27.241391
833,2019,2019-02-04,Texas,17,2019-11-22 21:34:27.241391
834,2019,2019-02-11,Texas,17,2019-11-22 21:34:27.241391
835,2019,2019-02-18,Texas,17,2019-11-22 21:34:27.241391
836,2019,2019-02-25,Texas,17,2019-11-22 21:34:27.241391
837,2019,2019-03-04,Texas,17,2019-11-22 21:34:27.241391
838,2019,2019-03-11,Texas,17,2019-11-22 21:34:27.241391
839,2019,2019-05-01,Texas,17,2019-11-22 21:34:27.241391
840,2019,2018-11-01,NC State,17,2019-11-22 21:34:27.241391
841,2019,2018-11-12,NC State,17,2019-11-22 21:34:27.241391
842,2019,2018-11-19,NC State,17,2019-11-22 21:34:27.241391
843,2019,2018-11-26,NC State,17,2019-11-22 21:34:27.241391
844,2019,2018-12-03,NC State,17,2019-11-22 21:34:27.241391
845,2019,2018-12-10,NC State,17,2019-11-22 21:34:27.241391
846,2019,2018-12-17,NC State,17,2019-11-22 21:34:27.241391
847,2019,2018-12-24,NC State,20,2019-11-22 21:34:27.241391
848,2019,2018-12-31,NC State,18,2019-11-22 21:34:27.241391
849,2019,2019-01-07,NC State,15,2019-11-22 21:34:27.241391
850,2019,2019-01-14,NC State,17,2019-11-22 21:34:27.241391
851,2019,2019-01-21,NC State,21,2019-11-22 21:34:27.241391
852,2019,2019-01-28,NC State,23,2019-11-22 21:34:27.241391
853,2019,2019-02-04,NC State,23,2019-11-22 21:34:27.241391
854,2019,2019-02-11,NC State,23,2019-11-22 21:34:27.241391
855,2019,2019-02-18,NC State,23,2019-11-22 21:34:27.241391
856,2019,2019-02-25,NC State,23,2019-11-22 21:34:27.241391
857,2019,2019-03-04,NC State,23,2019-11-22 21:34:27.241391
858,2019,2019-03-11,NC State,23,2019-11-22 21:34:27.241391
859,2019,2019-05-01,NC State,23,2019-11-22 21:34:27.241391
860,2019,2018-11-01,Iowa,23,2019-11-22 21:34:27.241391
861,2019,2018-11-12,Iowa,23,2019-11-22 21:34:27.241391
862,2019,2018-11-19,Iowa,20,2019-11-22 21:34:27.241391
863,2019,2018-11-26,Iowa,14,2019-11-22 21:34:27.241391
864,2019,2018-12-03,Iowa,18,2019-11-22 21:34:27.241391
865,2019,2018-12-10,Iowa,22,2019-11-22 21:34:27.241391
866,2019,2018-12-17,Iowa,23,2019-11-22 21:34:27.241391
867,2019,2018-12-24,Iowa,24,2019-11-22 21:34:27.241391
868,2019,2018-12-31,Iowa,25,2019-11-22 21:34:27.241391
869,2019,2019-01-07,Iowa,25,2019-11-22 21:34:27.241391
870,2019,2019-01-14,Iowa,23,2019-11-22 21:34:27.241391
871,2019,2019-01-21,Iowa,19,2019-11-22 21:34:27.241391
872,2019,2019-01-28,Iowa,19,2019-11-22 21:34:27.241391
873,2019,2019-02-04,Iowa,20,2019-11-22 21:34:27.241391
874,2019,2019-02-11,Iowa,21,2019-11-22 21:34:27.241391
875,2019,2019-02-18,Iowa,21,2019-11-22 21:34:27.241391
876,2019,2019-02-25,Iowa,22,2019-11-22 21:34:27.241391
877,2019,2019-03-04,Iowa,22,2019-11-22 21:34:27.241391
878,2019,2019-03-11,Iowa,22,2019-11-22 21:34:27.241391
879,2019,2019-05-01,Iowa,22,2019-11-22 21:34:27.241391
880,2019,2018-11-01,Ohio State,22,2019-11-22 21:34:27.241391
881,2019,2018-11-12,Ohio State,22,2019-11-22 21:34:27.241391
882,2019,2018-11-19,Ohio State,23,2019-11-22 21:34:27.241391
883,2019,2018-11-26,Ohio State,16,2019-11-22 21:34:27.241391
884,2019,2018-12-03,Ohio State,19,2019-11-22 21:34:27.241391
885,2019,2018-12-10,Ohio State,15,2019-11-22 21:34:27.241391
886,2019,2018-12-17,Ohio State,15,2019-11-22 21:34:27.241391
887,2019,2018-12-24,Ohio State,13,2019-11-22 21:34:27.241391
888,2019,2018-12-31,Ohio State,14,2019-11-22 21:34:27.241391
889,2019,2019-01-07,Ohio State,16,2019-11-22 21:34:27.241391
890,2019,2019-01-14,Ohio State,16,2019-11-22 21:34:27.241391
891,2019,2019-01-21,Ohio State,16,2019-11-22 21:34:27.241391
892,2019,2019-01-28,Ohio State,16,2019-11-22 21:34:27.241391
893,2019,2019-02-04,Ohio State,16,2019-11-22 21:34:27.241391
894,2019,2019-02-11,Ohio State,16,2019-11-22 21:34:27.241391
895,2019,2019-02-18,Ohio State,16,2019-11-22 21:34:27.241391
896,2019,2019-02-25,Ohio State,16,2019-11-22 21:34:27.241391
897,2019,2019-03-04,Ohio State,16,2019-11-22 21:34:27.241391
898,2019,2019-03-11,Ohio State,16,2019-11-22 21:34:27.241391
899,2019,2019-05-01,Ohio State,16,2019-11-22 21:34:27.241391
900,2019,2018-11-01,Oklahoma,16,2019-11-22 21:34:27.241391
901,2019,2018-11-12,Oklahoma,16,2019-11-22 21:34:27.241391
902,2019,2018-11-19,Oklahoma,16,2019-11-22 21:34:27.241391
903,2019,2018-11-26,Oklahoma,16,2019-11-22 21:34:27.241391
904,2019,2018-12-03,Oklahoma,16,2019-11-22 21:34:27.241391
905,2019,2018-12-10,Oklahoma,16,2019-11-22 21:34:27.241391
906,2019,2018-12-17,Oklahoma,16,2019-11-22 21:34:27.241391
907,2019,2018-12-24,Oklahoma,25,2019-11-22 21:34:27.241391
908,2019,2018-12-31,Oklahoma,23,2019-11-22 21:34:27.241391
909,2019,2019-01-07,Oklahoma,23,2019-11-22 21:34:27.241391
910,2019,2019-01-14,Oklahoma,20,2019-11-22 21:34:27.241391
911,2019,2019-01-21,Oklahoma,20,2019-11-22 21:34:27.241391
912,2019,2019-01-28,Oklahoma,20,2019-11-22 21:34:27.241391
913,2019,2019-02-04,Oklahoma,20,2019-11-22 21:34:27.241391
914,2019,2019-02-11,Oklahoma,20,2019-11-22 21:34:27.241391
915,2019,2019-02-18,Oklahoma,20,2019-11-22 21:34:27.241391
916,2019,2019-02-25,Oklahoma,20,2019-11-22 21:34:27.241391
917,2019,2019-03-04,Oklahoma,20,2019-11-22 21:34:27.241391
918,2019,2019-03-11,Oklahoma,20,2019-11-22 21:34:27.241391
919,2019,2019-05-01,Oklahoma,20,2019-11-22 21:34:27.241391
920,2019,2018-11-01,Mississippi State,18,2019-11-22 21:34:27.241391
921,2019,2018-11-12,Mississippi State,17,2019-11-22 21:34:27.241391
922,2019,2018-11-19,Mississippi State,15,2019-11-22 21:34:27.241391
923,2019,2018-11-26,Mississippi State,25,2019-11-22 21:34:27.241391
924,2019,2018-12-03,Mississippi State,22,2019-11-22 21:34:27.241391
925,2019,2018-12-10,Mississippi State,18,2019-11-22 21:34:27.241391
926,2019,2018-12-17,Mississippi State,17,2019-11-22 21:34:27.241391
927,2019,2018-12-24,Mississippi State,19,2019-11-22 21:34:27.241391
928,2019,2018-12-31,Mississippi State,17,2019-11-22 21:34:27.241391
929,2019,2019-01-07,Mississippi State,14,2019-11-22 21:34:27.241391
930,2019,2019-01-14,Mississippi State,24,2019-11-22 21:34:27.241391
931,2019,2019-01-21,Mississippi State,22,2019-11-22 21:34:27.241391
932,2019,2019-01-28,Mississippi State,22,2019-11-22 21:34:27.241391
933,2019,2019-02-04,Mississippi State,22,2019-11-22 21:34:27.241391
934,2019,2019-02-11,Mississippi State,22,2019-11-22 21:34:27.241391
935,2019,2019-02-18,Mississippi State,22,2019-11-22 21:34:27.241391
936,2019,2019-02-25,Mississippi State,22,2019-11-22 21:34:27.241391
937,2019,2019-03-04,Mississippi State,22,2019-11-22 21:34:27.241391
938,2019,2019-03-11,Mississippi State,22,2019-11-22 21:34:27.241391
939,2019,2019-05-01,Mississippi State,22,2019-11-22 21:34:27.241391
940,2019,2018-11-01,TCU,20,2019-11-22 21:34:27.241391
941,2019,2018-11-12,TCU,21,2019-11-22 21:34:27.241391
942,2019,2018-11-19,TCU,18,2019-11-22 21:34:27.241391
943,2019,2018-11-26,TCU,18,2019-11-22 21:34:27.241391
944,2019,2018-12-03,TCU,18,2019-11-22 21:34:27.241391
945,2019,2018-12-10,TCU,18,2019-11-22 21:34:27.241391
946,2019,2018-12-17,TCU,18,2019-11-22 21:34:27.241391
947,2019,2018-12-24,TCU,18,2019-11-22 21:34:27.241391
948,2019,2018-12-31,TCU,18,2019-11-22 21:34:27.241391
949,2019,2019-01-07,TCU,25,2019-11-22 21:34:27.241391
950,2019,2019-01-14,TCU,25,2019-11-22 21:34:27.241391
951,2019,2019-01-21,TCU,25,2019-11-22 21:34:27.241391
952,2019,2019-01-28,TCU,25,2019-11-22 21:34:27.241391
953,2019,2019-02-04,TCU,25,2019-11-22 21:34:27.241391
954,2019,2019-02-11,TCU,25,2019-11-22 21:34:27.241391
955,2019,2019-02-18,TCU,25,2019-11-22 21:34:27.241391
956,2019,2019-02-25,TCU,25,2019-11-22 21:34:27.241391
957,2019,2019-03-04,TCU,25,2019-11-22 21:34:27.241391
958,2019,2019-03-11,TCU,25,2019-11-22 21:34:27.241391
959,2019,2019-05-01,TCU,25,2019-11-22 21:34:27.241391
960,2020,2019-11-01,Duke,4,2019-11-22 21:34:27.241391
961,2020,2019-11-11,Duke,2,2019-11-22 21:34:27.241391
962,2020,2019-11-18,Duke,1,2019-11-22 21:34:27.241391
963,2020,2019-11-01,Louisville,5,2019-11-22 21:34:27.241391
964,2020,2019-11-11,Louisville,4,2019-11-22 21:34:27.241391
965,2020,2019-11-18,Louisville,2,2019-11-22 21:34:27.241391
966,2020,2019-11-01,Michigan State,1,2019-11-22 21:34:27.241391
967,2020,2019-11-11,Michigan State,3,2019-11-22 21:34:27.241391
968,2020,2019-11-18,Michigan State,3,2019-11-22 21:34:27.241391
969,2020,2019-11-01,Kansas,3,2019-11-22 21:34:27.241391
970,2020,2019-11-11,Kansas,5,2019-11-22 21:34:27.241391
971,2020,2019-11-18,Kansas,4,2019-11-22 21:34:27.241391
972,2020,2019-11-01,UNC,9,2019-11-22 21:34:27.241391
973,2020,2019-11-11,UNC,6,2019-11-22 21:34:27.241391
974,2020,2019-11-18,UNC,5,2019-11-22 21:34:27.241391
975,2020,2019-11-01,Maryland,7,2019-11-22 21:34:27.241391
976,2020,2019-11-11,Maryland,7,2019-11-22 21:34:27.241391
977,2020,2019-11-18,Maryland,6,2019-11-22 21:34:27.241391
978,2020,2019-11-01,Virginia,11,2019-11-22 21:34:27.241391
979,2020,2019-11-11,Virginia,9,2019-11-22 21:34:27.241391
980,2020,2019-11-18,Virginia,7,2019-11-22 21:34:27.241391
981,2020,2019-11-01,Gonzaga,8,2019-11-22 21:34:27.241391
982,2020,2019-11-11,Gonzaga,8,2019-11-22 21:34:27.241391
983,2020,2019-11-18,Gonzaga,8,2019-11-22 21:34:27.241391
984,2020,2019-11-01,Kentucky,2,2019-11-22 21:34:27.241391
985,2020,2019-11-11,Kentucky,1,2019-11-22 21:34:27.241391
986,2020,2019-11-18,Kentucky,9,2019-11-22 21:34:27.241391
987,2020,2019-11-01,Ohio State,18,2019-11-22 21:34:27.241391
988,2020,2019-11-11,Ohio State,16,2019-11-22 21:34:27.241391
989,2020,2019-11-18,Ohio State,10,2019-11-22 21:34:27.241391
990,2020,2019-11-01,Oregon,15,2019-11-22 21:34:27.241391
991,2020,2019-11-11,Oregon,14,2019-11-22 21:34:27.241391
992,2020,2019-11-18,Oregon,11,2019-11-22 21:34:27.241391
993,2020,2019-11-01,Texas Tech,13,2019-11-22 21:34:27.241391
994,2020,2019-11-11,Texas Tech,11,2019-11-22 21:34:27.241391
995,2020,2019-11-18,Texas Tech,12,2019-11-22 21:34:27.241391
996,2020,2019-11-01,Seton Hall,12,2019-11-22 21:34:27.241391
997,2020,2019-11-11,Seton Hall,12,2019-11-22 21:34:27.241391
998,2020,2019-11-18,Seton Hall,13,2019-11-22 21:34:27.241391
999,2020,2019-11-01,Arizona,21,2019-11-22 21:34:27.241391
1000,2020,2019-11-11,Arizona,19,2019-11-22 21:34:27.241391
1001,2020,2019-11-18,Arizona,14,2019-11-22 21:34:27.241391
1002,2020,2019-11-01,Utah State,17,2019-11-22 21:34:27.241391
1003,2020,2019-11-11,Utah State,17,2019-11-22 21:34:27.241391
1004,2020,2019-11-18,Utah State,15,2019-11-22 21:34:27.241391
1005,2020,2019-11-01,Memphis,14,2019-11-22 21:34:27.241391
1006,2020,2019-11-11,Memphis,13,2019-11-22 21:34:27.241391
1007,2020,2019-11-18,Memphis,16,2019-11-22 21:34:27.241391
1008,2020,2019-11-01,Villanova,10,2019-11-22 21:34:27.241391
1009,2020,2019-11-11,Villanova,10,2019-11-22 21:34:27.241391
1010,2020,2019-11-18,Villanova,17,2019-11-22 21:34:27.241391
1011,2020,2019-11-01,Xavier,19,2019-11-22 21:34:27.241391
1012,2020,2019-11-11,Xavier,21,2019-11-22 21:34:27.241391
1013,2020,2019-11-18,Xavier,18,2019-11-22 21:34:27.241391
1014,2020,2019-11-01,Auburn,24,2019-11-22 21:34:27.241391
1015,2020,2019-11-11,Auburn,22,2019-11-22 21:34:27.241391
1016,2020,2019-11-18,Auburn,19,2019-11-22 21:34:27.241391
1017,2020,2019-11-01,Tennessee,19,2019-11-22 21:34:27.241391
1018,2020,2019-11-11,Tennessee,19,2019-11-22 21:34:27.241391
1019,2020,2019-11-18,Tennessee,20,2019-11-22 21:34:27.241391
1020,2020,2019-11-01,VCU,25,2019-11-22 21:34:27.241391
1021,2020,2019-11-11,VCU,25,2019-11-22 21:34:27.241391
1022,2020,2019-11-18,VCU,21,2019-11-22 21:34:27.241391
1023,2020,2019-11-01,Texas,21,2019-11-22 21:34:27.241391
1024,2020,2019-11-11,Texas,21,2019-11-22 21:34:27.241391
1025,2020,2019-11-18,Texas,22,2019-11-22 21:34:27.241391
1026,2020,2019-11-01,Colorado,22,2019-11-22 21:34:27.241391
1027,2020,2019-11-11,Colorado,25,2019-11-22 21:34:27.241391
1028,2020,2019-11-18,Colorado,23,2019-11-22 21:34:27.241391
1029,2020,2019-11-01,Baylor,16,2019-11-22 21:34:27.241391
1030,2020,2019-11-11,Baylor,24,2019-11-22 21:34:27.241391
1031,2020,2019-11-18,Baylor,24,2019-11-22 21:34:27.241391
1032,2020,2019-11-01,Washington,24,2019-11-22 21:34:27.241391
1033,2020,2019-11-11,Washington,20,2019-11-22 21:34:27.241391
1034,2020,2019-11-18,Washington,25,2019-11-22 21:34:27.241391
1035,2020,2019-11-01,Purdue,23,2019-11-22 21:34:27.241391
1036,2020,2019-11-11,Purdue,23,2019-11-22 21:34:27.241391
1037,2020,2019-11-18,Purdue,23,2019-11-22 21:34:27.241391
1038,2020,2019-11-01,LSU,22,2019-11-22 21:34:27.241391
1039,2020,2019-11-11,LSU,23,2019-11-22 21:34:27.241391
1040,2020,2019-11-18,LSU,23,2019-11-22 21:34:27.241391
1041,2020,2019-11-01,Saint Mary's,20,2019-11-22 21:34:27.241391
1042,2020,2019-11-11,Saint Mary's,18,2019-11-22 21:34:27.241391
1043,2020,2019-11-18,Saint Mary's,18,2019-11-22 21:34:27.241391
1044,2020,2019-11-01,Florida,6,2019-11-22 21:34:27.241391
1045,2020,2019-11-11,Florida,15,2019-11-22 21:34:27.241391
1046,2020,2019-11-18,Florida,15,2019-11-22 21:34:27.241391
